{
  "hash": "9926fa83",
  "configHash": "c45968b4",
  "lockfileHash": "f1689c2c",
  "browserHash": "1507bc2f",
  "optimized": {
    "@angular/common": {
      "src": "../../../../../node_modules/@angular/common/fesm2022/common.mjs",
      "file": "@angular_common.js",
      "fileHash": "49aa01cd",
      "needsInterop": false
    },
    "@angular/core": {
      "src": "../../../../../node_modules/@angular/core/fesm2022/core.mjs",
      "file": "@angular_core.js",
      "fileHash": "8e72f4cb",
      "needsInterop": false
    },
    "@angular/platform-browser": {
      "src": "../../../../../node_modules/@angular/platform-browser/fesm2022/platform-browser.mjs",
      "file": "@angular_platform-browser.js",
      "fileHash": "5d733be7",
      "needsInterop": false
    },
    "@angular/router": {
      "src": "../../../../../node_modules/@angular/router/fesm2022/router.mjs",
      "file": "@angular_router.js",
      "fileHash": "15b163ea",
      "needsInterop": false
    }
  },
  "chunks": {
    "chunk-PQR6TBF2": {
      "file": "chunk-PQR6TBF2.js"
    },
    "chunk-TM4D3ZNL": {
      "file": "chunk-TM4D3ZNL.js"
    },
    "chunk-ALH4AY2H": {
      "file": "chunk-ALH4AY2H.js"
    }
  }
}